Date, Open, High, Low, Close, Volume
03/28/18, 948.00, 958.50, 945.00, 948.00, 436970
03/27/18, 951.00, 963.00, 945.00, 949.00, 293370
03/26/18, 928.00, 952.00, 917.00, 950.00, 559020
03/23/18, 927.00, 927.00, 908.00, 918.00, 618010
03/22/18, 918.00, 938.50, 918.00, 937.00, 666380
03/21/18, 945.00, 948.50, 916.00, 916.00, 423860
03/20/18, 948.00, 959.00, 935.00, 937.00, 1040930
03/19/18, 995.00, 1010.00, 995.00, 1010.00, 185980
03/16/18, 1006.00, 1020.00, 990.00, 990.00, 1094400
03/15/18, 1017.00, 1037.00, 1006.00, 1006.00, 361985
03/14/18, 1038.00, 1038.00, 1004.00, 1038.00, 451250
03/13/18, 1032.00, 1039.00, 1028.00, 1032.00, 140935
03/12/18, 1039.00, 1054.00, 1029.00, 1032.00, 156915
03/09/18, 1038.00, 1041.00, 1020.00, 1020.00, 167800
03/08/18, 1060.00, 1060.00, 1036.00, 1038.00, 143645
03/07/18, 1037.00, 1060.00, 1031.00, 1060.00, 111585
03/06/18, 1050.00, 1051.00, 1035.00, 1038.00, 162330
03/05/18, 1050.00, 1050.00, 1040.00, 1041.00, 93410
03/02/18, 1041.00, 1050.00, 1038.00, 1050.00, 168785
03/01/18, 1057.00, 1065.00, 1051.00, 1051.00, 219000
02/28/18, 1052.00, 1070.00, 1052.00, 1057.00, 304555
02/27/18, 1071.00, 1073.00, 1052.00, 1069.00, 416740
02/26/18, 1061.00, 1065.00, 1040.00, 1065.00, 147845
02/23/18, 1053.00, 1063.00, 1043.00, 1060.00, 419980
02/22/18, 1080.00, 1081.00, 1030.00, 1053.00, 401895
02/21/18, 1071.00, 1088.00, 1071.00, 1080.00, 337190
02/20/18, 1075.00, 1088.00, 1064.00, 1088.00, 221285
02/19/18, 1075.00, 1089.00, 1060.00, 1089.00, 317590
02/15/18, 1040.00, 1095.00, 1030.00, 1095.00, 341655
02/14/18, 1030.00, 1040.00, 1025.00, 1040.00, 184145
02/13/18, 1011.00, 1033.00, 1011.00, 1020.00, 283905
02/12/18, 1006.00, 1022.00, 1000.00, 1000.00, 110910
02/09/18, 1020.00, 1022.00, 1000.00, 1005.00, 302030
02/08/18, 1037.00, 1050.00, 1035.00, 1042.00, 321710
02/07/18, 1030.00, 1040.00, 1011.00, 1034.00, 208800
02/06/18, 1005.00, 1020.00, 991.50, 1005.00, 416135
02/05/18, 1034.00, 1034.00, 1020.00, 1030.00, 556715
02/02/18, 1038.00, 1055.00, 1038.00, 1050.00, 181770
02/01/18, 1040.00, 1058.00, 1035.00, 1038.00, 235595
01/31/18, 1045.00, 1061.00, 1035.00, 1050.00, 263715
01/30/18, 1076.00, 1076.00, 1046.00, 1050.00, 459610
01/29/18, 1042.00, 1083.00, 1042.00, 1083.00, 294385
01/26/18, 1035.00, 1058.00, 1034.00, 1040.00, 245005
01/25/18, 1035.00, 1040.00, 1030.00, 1034.00, 342525
01/24/18, 1045.00, 1049.00, 1031.00, 1035.00, 351680
01/23/18, 1049.00, 1052.00, 1031.00, 1045.00, 398515
01/22/18, 1032.00, 1055.00, 1032.00, 1050.00, 311655
01/19/18, 1027.00, 1040.00, 1010.00, 1031.00, 383875
01/18/18, 1055.00, 1055.00, 1028.00, 1035.00, 461015
01/17/18, 1072.00, 1075.00, 1055.00, 1060.00, 264685
01/16/18, 1085.00, 1091.00, 1052.00, 1052.00, 166235
01/15/18, 1065.00, 1094.00, 1060.00, 1085.00, 189470
01/12/18, 1050.00, 1065.00, 1035.00, 1065.00, 363710
01/11/18, 1060.00, 1060.00, 1030.00, 1050.00, 213605
01/10/18, 1065.00, 1065.00, 1052.00, 1060.00, 180545
01/09/18, 1057.00, 1075.00, 1052.00, 1065.00, 309775
01/08/18, 1065.00, 1066.00, 1048.00, 1057.00, 226530
01/05/18, 1040.00, 1069.00, 1040.00, 1065.00, 521745
01/04/18, 1040.00, 1048.00, 1028.00, 1040.00, 431010
01/03/18, 1015.00, 1041.00, 1015.00, 1040.00, 497855
12/29/17, 1027.00, 1027.00, 1012.00, 1015.00, 295630
12/28/17, 1029.00, 1030.00, 1015.00, 1022.00, 191515
12/27/17, 1010.00, 1029.00, 1005.00, 1029.00, 95400
12/22/17, 1010.00, 1010.00, 1000.00, 1010.00, 136580
12/21/17, 1018.00, 1018.00, 1005.00, 1009.00, 140540
12/20/17, 1016.00, 1023.00, 1010.00, 1018.00, 85480
12/19/17, 1006.00, 1016.00, 997.50, 1016.00, 229595
12/18/17, 1006.00, 1013.00, 1004.00, 1010.00, 204705
12/15/17, 1015.00, 1017.00, 999.00, 1006.00, 480780
12/14/17, 1011.00, 1020.00, 1006.00, 1015.00, 329085
12/13/17, 1019.00, 1028.00, 1013.00, 1020.00, 281360
12/12/17, 1023.00, 1030.00, 1016.00, 1025.00, 485435
12/11/17, 1015.00, 1043.00, 1012.00, 1040.00, 520900
12/08/17, 1001.00, 1035.00, 1001.00, 1030.00, 203765
12/07/17, 1010.00, 1015.00, 1000.00, 1000.00, 296565
12/06/17, 997.00, 1018.00, 991.00, 1010.00, 251960
12/05/17, 984.00, 999.00, 975.00, 999.00, 197080
12/04/17, 1000.00, 1000.00, 984.50, 984.50, 359200
12/01/17, 1015.00, 1024.00, 1000.00, 1006.00, 385930
11/29/17, 1016.00, 1020.00, 1010.00, 1020.00, 442215
11/28/17, 1022.00, 1025.00, 1015.00, 1017.00, 143730
11/27/17, 1018.00, 1032.00, 1016.00, 1030.00, 154790
11/24/17, 1020.00, 1024.00, 1015.00, 1020.00, 429705
11/23/17, 1016.00, 1028.00, 1015.00, 1020.00, 307270
11/22/17, 1012.00, 1025.00, 1012.00, 1019.00, 316500
11/21/17, 1016.00, 1022.00, 1008.00, 1019.00, 194095
11/20/17, 1014.00, 1022.00, 1006.00, 1012.00, 158900
11/17/17, 1016.00, 1025.00, 1010.00, 1013.00, 298055
11/16/17, 1010.00, 1044.00, 995.00, 1000.00, 613135
11/15/17, 1030.00, 1050.00, 1022.00, 1028.00, 130205
11/14/17, 1050.00, 1050.00, 1030.00, 1040.00, 202780
11/13/17, 1055.00, 1070.00, 1043.00, 1050.00, 149815
11/10/17, 1070.00, 1070.00, 1041.00, 1050.00, 175645
11/09/17, 1062.00, 1095.00, 1062.00, 1070.00, 411895
11/08/17, 1065.00, 1075.00, 1056.00, 1075.00, 331140
11/07/17, 1070.00, 1080.00, 1053.00, 1075.00, 296965
11/06/17, 1061.00, 1089.00, 1059.00, 1080.00, 164655
11/03/17, 1086.00, 1093.00, 1054.00, 1061.00, 790930
11/02/17, 1021.00, 1100.00, 1020.00, 1090.00, 798815
10/30/17, 1030.00, 1034.00, 1028.00, 1031.00, 130735
10/27/17, 1018.00, 1030.00, 1010.00, 1030.00, 187390
10/26/17, 1016.00, 1040.00, 1008.00, 1018.00, 236000
10/25/17, 1000.00, 1030.00, 1000.00, 1019.00, 253150
10/24/17, 996.00, 1010.00, 988.00, 999.00, 784240
10/23/17, 1072.00, 1087.00, 1010.00, 1017.00, 546135
10/20/17, 1110.00, 1110.00, 1070.00, 1070.00, 891080
10/19/17, 1070.00, 1116.00, 1060.00, 1116.00, 1265525
10/18/17, 1088.00, 1088.00, 1061.00, 1070.00, 953345
10/17/17, 1070.00, 1097.00, 1068.00, 1092.00, 1237690
10/13/17, 1070.00, 1075.00, 1060.00, 1071.00, 739665
10/12/17, 1051.00, 1079.00, 1048.00, 1077.00, 1065680
10/11/17, 1050.00, 1055.00, 1041.00, 1052.00, 725760
10/10/17, 1029.00, 1060.00, 1029.00, 1050.00, 810820
10/09/17, 1006.00, 1039.00, 1006.00, 1039.00, 494060
10/06/17, 998.00, 1020.00, 998.00, 1015.00, 450530
10/05/17, 998.00, 999.00, 991.50, 997.00, 323570
10/04/17, 988.50, 1000.00, 987.00, 998.00, 273570
10/03/17, 980.00, 985.00, 979.50, 985.00, 146480
10/02/17, 970.50, 983.00, 970.00, 980.00, 279740
09/29/17, 967.00, 995.00, 967.00, 970.00, 345930
09/28/17, 975.00, 975.00, 966.00, 974.00, 229950
09/27/17, 960.00, 985.00, 950.00, 980.00, 254930
09/26/17, 960.00, 963.00, 953.50, 960.00, 494950
09/25/17, 963.00, 963.00, 955.00, 960.00, 167290
09/22/17, 950.00, 974.00, 950.00, 963.00, 214510
09/21/17, 943.00, 960.00, 938.00, 950.00, 205340
09/20/17, 940.00, 950.00, 934.00, 944.00, 257690
09/19/17, 970.00, 970.00, 955.50, 956.50, 101120
09/18/17, 928.50, 975.00, 928.50, 972.00, 712160
09/15/17, 926.00, 934.00, 926.00, 928.50, 536370
09/14/17, 926.00, 936.00, 925.00, 925.00, 277070
09/13/17, 920.00, 936.00, 918.00, 925.50, 367190
09/11/17, 913.00, 920.00, 910.00, 918.00, 105270
09/08/17, 920.00, 920.00, 911.00, 913.00, 108410
09/07/17, 915.00, 916.00, 911.00, 915.00, 215220
09/06/17, 919.00, 919.00, 907.50, 912.00, 338090
09/05/17, 926.00, 926.50, 917.00, 920.00, 141920
09/04/17, 920.00, 945.00, 906.00, 926.00, 270090
08/31/17, 902.00, 920.00, 899.50, 920.00, 330710
08/30/17, 900.00, 901.50, 898.00, 899.50, 236070
08/29/17, 901.50, 901.50, 895.00, 899.00, 608750
08/25/17, 900.00, 900.00, 898.50, 899.00, 283200
08/24/17, 899.50, 900.00, 898.00, 899.00, 330660
08/23/17, 900.00, 901.50, 897.00, 899.00, 167190
08/22/17, 900.00, 901.50, 897.00, 900.00, 410510
08/18/17, 908.00, 908.00, 890.00, 900.00, 148550
08/17/17, 905.00, 910.00, 899.00, 908.00, 297060
08/16/17, 896.00, 901.50, 893.00, 900.00, 423650
08/15/17, 886.00, 898.00, 880.00, 896.00, 337070
08/14/17, 885.00, 886.00, 882.00, 885.00, 72890
08/11/17, 879.00, 888.00, 870.00, 882.00, 191400
08/10/17, 888.00, 888.00, 880.00, 884.00, 210210
08/09/17, 886.00, 888.00, 870.00, 888.00, 326060
08/08/17, 886.50, 887.50, 882.50, 885.00, 306210
08/07/17, 879.00, 879.50, 873.00, 878.00, 74320
08/04/17, 863.00, 884.00, 863.00, 879.00, 227300
08/03/17, 876.50, 876.50, 860.00, 863.00, 210010
08/02/17, 870.00, 889.50, 855.00, 860.00, 277380
08/01/17, 869.00, 877.50, 864.00, 865.00, 76370
07/31/17, 888.00, 888.00, 865.00, 865.00, 520210
07/28/17, 890.00, 902.00, 887.00, 888.00, 370000
07/27/17, 890.00, 895.00, 889.00, 889.00, 250250
07/26/17, 880.00, 895.00, 880.00, 895.00, 342760
07/25/17, 880.00, 880.00, 874.00, 880.00, 146150
07/24/17, 880.00, 882.00, 874.00, 880.00, 148660
07/21/17, 864.00, 880.00, 853.00, 880.00, 179050
07/20/17, 868.00, 870.00, 855.00, 855.00, 137390
07/19/17, 860.00, 870.00, 860.00, 868.00, 154510
07/18/17, 865.00, 870.00, 860.00, 860.00, 74530
07/17/17, 863.00, 868.00, 855.00, 867.00, 139590
07/14/17, 875.00, 875.00, 853.00, 853.00, 331460
07/13/17, 878.00, 881.50, 857.50, 870.00, 354350
07/12/17, 867.50, 878.00, 867.50, 876.00, 118810
07/11/17, 859.50, 868.00, 854.50, 867.50, 113550
07/10/17, 871.00, 875.00, 853.00, 855.00, 86100
07/07/17, 869.00, 870.00, 869.00, 870.00, 119990
07/06/17, 864.00, 873.00, 860.00, 872.00, 189850
07/05/17, 855.00, 860.00, 851.00, 860.00, 316240
07/04/17, 851.00, 856.00, 849.00, 850.00, 147630
07/03/17, 858.00, 858.00, 841.00, 851.00, 114730
06/30/17, 840.00, 855.00, 837.00, 850.00, 485680
06/29/17, 841.50, 844.00, 838.00, 840.00, 346260
06/28/17, 842.00, 842.50, 837.00, 841.50, 401040
06/27/17, 840.50, 854.00, 840.50, 842.50, 208250
06/23/17, 855.00, 857.00, 837.00, 840.50, 251260
06/22/17, 843.00, 855.00, 840.00, 855.00, 128420
06/21/17, 856.00, 856.00, 837.50, 841.50, 438960
06/20/17, 859.50, 859.50, 857.00, 858.00, 236870
06/19/17, 850.00, 864.50, 850.00, 860.00, 144370
06/16/17, 867.00, 867.00, 850.00, 850.00, 547410
06/15/17, 869.50, 879.00, 866.50, 867.00, 151380
06/14/17, 860.00, 870.00, 859.00, 867.50, 244880
06/13/17, 873.00, 873.00, 858.00, 860.00, 448690
06/09/17, 872.50, 884.00, 869.00, 869.00, 382740
06/08/17, 871.00, 885.00, 869.00, 870.00, 470540
06/07/17, 882.50, 893.00, 870.00, 870.00, 517450
06/06/17, 895.00, 896.00, 882.00, 882.00, 557900
06/05/17, 892.00, 899.00, 891.00, 894.00, 168160
06/02/17, 873.00, 893.50, 872.50, 892.00, 308550
06/01/17, 874.00, 876.50, 869.00, 873.00, 676820
05/31/17, 870.00, 871.00, 868.00, 868.00, 579280
05/30/17, 872.00, 874.00, 865.00, 869.00, 225620
05/29/17, 867.00, 873.00, 867.00, 867.00, 294440
05/26/17, 867.00, 867.50, 865.50, 866.00, 398420
05/25/17, 870.00, 870.00, 867.00, 867.00, 298640
05/24/17, 868.00, 872.00, 866.00, 870.00, 165800
05/23/17, 872.00, 875.50, 869.00, 870.00, 336270
05/22/17, 864.50, 879.50, 864.00, 872.00, 114610
05/19/17, 863.00, 865.50, 861.00, 864.50, 111280
05/18/17, 868.50, 868.50, 861.00, 865.50, 219020
05/17/17, 867.50, 871.00, 864.00, 869.00, 232380
05/16/17, 864.00, 870.00, 860.50, 866.00, 375980
05/15/17, 868.50, 870.00, 855.00, 864.00, 315880
05/12/17, 865.00, 869.50, 855.00, 868.50, 200000
05/11/17, 860.00, 872.00, 855.00, 868.00, 287900
05/10/17, 883.00, 885.00, 860.00, 860.00, 457980
05/09/17, 890.00, 893.50, 880.50, 883.00, 367560
05/08/17, 878.00, 890.00, 878.00, 890.00, 370250
05/05/17, 879.00, 886.00, 870.00, 878.00, 253040
05/04/17, 869.00, 885.50, 866.00, 881.00, 204080
05/03/17, 868.00, 873.00, 868.00, 868.00, 202340
05/02/17, 867.00, 870.00, 864.50, 867.00, 230030
04/27/17, 879.00, 880.00, 865.00, 866.50, 128170
04/26/17, 878.00, 879.00, 868.00, 879.00, 160400
04/25/17, 869.50, 882.00, 869.50, 877.00, 487260
04/24/17, 863.00, 867.00, 860.00, 867.00, 86120
04/21/17, 865.00, 865.00, 859.00, 861.00, 141040
04/20/17, 855.00, 860.50, 848.00, 860.00, 159510
04/19/17, 855.00, 860.00, 855.00, 856.50, 150220
04/18/17, 859.00, 865.00, 852.00, 859.00, 92520
04/17/17, 859.00, 860.00, 850.50, 859.00, 109570
04/12/17, 858.00, 871.50, 848.00, 857.00, 223060
04/11/17, 861.50, 863.00, 855.00, 858.50, 192620
04/10/17, 863.00, 864.00, 853.50, 861.50, 176030
04/07/17, 865.00, 870.00, 862.00, 863.00, 175570
04/06/17, 888.00, 888.00, 855.00, 865.00, 150570
04/05/17, 876.00, 890.00, 875.00, 890.00, 272700
04/04/17, 849.00, 883.00, 845.00, 875.00, 312370
04/03/17, 845.00, 850.00, 840.00, 849.00, 107930
03/31/17, 842.00, 845.00, 833.00, 845.00, 169550
03/30/17, 842.00, 845.00, 841.50, 842.00, 913980
03/29/17, 841.00, 845.00, 830.00, 842.00, 318180
03/28/17, 828.50, 841.00, 828.50, 841.00, 191440
03/27/17, 833.00, 837.00, 818.00, 825.50, 495520
03/24/17, 845.00, 846.00, 835.00, 845.00, 443810
03/23/17, 830.00, 845.00, 830.00, 845.00, 183950
03/22/17, 826.50, 832.00, 815.00, 832.00, 356700
03/21/17, 830.00, 835.00, 819.50, 827.50, 434030
03/20/17, 838.00, 840.00, 815.50, 830.00, 122060
03/17/17, 831.00, 850.00, 830.00, 830.00, 649810
03/16/17, 821.00, 832.00, 821.00, 827.00, 347610
03/15/17, 821.00, 824.00, 810.00, 820.00, 101860
03/14/17, 820.00, 822.00, 815.00, 820.00, 418120
03/13/17, 815.00, 822.00, 815.00, 822.00, 90770
03/10/17, 821.50, 821.50, 810.00, 815.00, 443550
03/09/17, 822.00, 825.00, 816.50, 820.00, 417950
03/08/17, 820.00, 830.00, 820.00, 822.00, 282380
03/07/17, 823.00, 825.50, 817.00, 819.50, 553490
03/06/17, 802.00, 825.00, 800.50, 823.00, 170390
03/03/17, 803.00, 820.00, 793.50, 820.00, 264600
03/02/17, 788.00, 808.00, 788.00, 803.00, 276830
03/01/17, 788.00, 788.50, 784.00, 784.00, 125750
02/28/17, 793.00, 793.00, 786.00, 788.00, 321090
02/27/17, 801.00, 803.00, 791.00, 793.00, 118500
02/24/17, 816.50, 817.00, 801.00, 801.00, 218500
02/23/17, 805.00, 818.00, 800.00, 817.00, 217120
02/22/17, 792.00, 807.00, 783.50, 805.00, 142370
02/21/17, 787.00, 793.00, 780.00, 792.00, 105650
02/20/17, 789.50, 789.50, 778.50, 787.00, 132850
02/17/17, 799.00, 799.00, 777.00, 781.00, 218030
02/16/17, 786.50, 794.00, 785.00, 788.00, 563530
02/15/17, 800.00, 800.00, 786.00, 786.00, 136000
02/14/17, 808.50, 808.50, 799.00, 800.00, 282950
02/13/17, 793.00, 809.50, 793.00, 809.00, 157770
02/10/17, 798.50, 798.50, 782.50, 793.00, 122960
02/09/17, 787.50, 800.00, 777.00, 797.00, 227910
02/08/17, 787.00, 790.00, 784.00, 787.50, 104460
02/07/17, 791.00, 792.00, 776.50, 780.00, 322540
02/06/17, 795.50, 801.00, 795.00, 800.00, 143340
02/03/17, 814.00, 814.00, 785.50, 795.00, 184490
02/02/17, 815.00, 818.00, 800.00, 802.00, 162210
02/01/17, 810.00, 815.00, 804.00, 815.00, 174350
01/31/17, 806.50, 812.00, 800.00, 800.00, 175850
01/30/17, 805.00, 820.00, 802.00, 819.50, 66780
01/27/17, 811.00, 817.00, 800.00, 800.00, 107230
01/26/17, 810.00, 817.00, 808.50, 811.00, 226080
01/25/17, 833.00, 833.00, 814.00, 814.00, 83590
01/24/17, 812.00, 837.00, 802.50, 834.00, 813340
01/23/17, 793.50, 812.00, 790.00, 812.00, 262890
01/20/17, 790.00, 794.00, 785.00, 788.00, 277150
01/19/17, 784.50, 800.00, 784.50, 800.00, 179860
01/18/17, 785.00, 789.00, 783.00, 784.50, 237240
01/17/17, 785.00, 797.00, 780.00, 790.00, 226420
01/16/17, 795.50, 795.50, 773.00, 786.50, 148700
01/13/17, 793.50, 797.50, 790.00, 792.00, 353420
01/12/17, 796.50, 799.50, 790.50, 793.50, 125720
01/11/17, 794.00, 797.00, 787.00, 796.00, 559300
01/10/17, 787.50, 797.00, 784.00, 793.00, 392630
01/09/17, 786.50, 790.00, 770.50, 784.50, 175920
01/06/17, 780.00, 794.50, 780.00, 786.50, 387740
01/05/17, 767.00, 790.00, 760.50, 790.00, 722750
01/04/17, 735.00, 760.00, 735.00, 760.00, 242320
01/03/17, 730.00, 733.00, 722.50, 727.00, 205370
12/29/16, 733.00, 734.00, 729.00, 730.50, 366710
12/28/16, 715.00, 734.00, 715.00, 732.00, 277420
12/27/16, 715.00, 715.00, 710.00, 710.00, 41770
12/23/16, 702.00, 715.00, 701.50, 708.00, 241170
12/22/16, 713.00, 718.00, 701.50, 716.00, 345280
12/21/16, 715.00, 726.00, 705.00, 713.00, 515910
12/20/16, 727.50, 727.50, 700.50, 715.00, 643250
12/19/16, 732.00, 732.00, 720.50, 727.50, 346220
12/16/16, 728.00, 732.00, 714.00, 732.00, 346690
12/15/16, 715.00, 735.00, 694.00, 732.00, 422020
12/14/16, 692.00, 720.00, 690.00, 719.50, 293510
12/13/16, 706.00, 706.50, 670.00, 690.00, 1313060
12/12/16, 733.00, 734.00, 706.00, 706.00, 293080
12/09/16, 725.00, 734.00, 723.00, 732.00, 499690
12/08/16, 717.00, 726.00, 708.00, 724.00, 526270
12/07/16, 710.00, 724.00, 705.00, 705.00, 450020
12/06/16, 727.00, 727.00, 704.00, 708.00, 282590
12/05/16, 740.00, 740.00, 710.00, 710.00, 429580
12/02/16, 746.00, 749.00, 737.00, 739.50, 453200
12/01/16, 750.00, 753.50, 739.00, 739.00, 413810
11/29/16, 733.00, 733.00, 720.00, 726.00, 489710
11/28/16, 735.00, 743.00, 713.00, 736.00, 499560
11/25/16, 750.00, 750.00, 725.00, 728.00, 266630
11/24/16, 726.00, 745.00, 724.50, 740.00, 567830
11/23/16, 734.00, 740.00, 722.00, 725.00, 388180
11/22/16, 770.00, 774.50, 731.50, 731.50, 323010
11/21/16, 780.50, 785.00, 765.00, 770.00, 458670
11/18/16, 771.00, 786.00, 771.00, 780.00, 366090
11/17/16, 748.00, 771.00, 745.00, 771.00, 329450
11/16/16, 730.00, 750.00, 730.00, 743.00, 1014030
11/15/16, 739.00, 739.50, 722.00, 723.00, 1067430
11/14/16, 750.50, 755.00, 740.00, 740.00, 476170
11/11/16, 786.00, 787.00, 750.00, 750.00, 918800
11/10/16, 813.00, 815.00, 792.50, 800.00, 496100
11/09/16, 830.00, 831.00, 778.50, 790.00, 497230
11/08/16, 827.00, 837.00, 826.50, 831.00, 311030
11/07/16, 827.00, 829.00, 810.00, 825.00, 391040
11/04/16, 827.50, 831.00, 827.00, 829.00, 464900
11/03/16, 830.00, 831.00, 826.00, 828.00, 648640
11/02/16, 850.00, 850.00, 827.50, 833.00, 300190
10/28/16, 847.00, 850.50, 831.50, 835.00, 573290
10/27/16, 855.00, 855.00, 849.50, 852.00, 322340
10/26/16, 850.50, 860.00, 849.00, 855.00, 245770
10/25/16, 849.50, 853.00, 849.50, 850.00, 252240
10/24/16, 852.50, 853.00, 849.50, 849.50, 245240
10/21/16, 858.00, 859.50, 855.00, 858.00, 88180
10/20/16, 869.00, 869.00, 855.00, 858.00, 396220
10/19/16, 856.00, 880.00, 851.00, 869.00, 350830
10/18/16, 838.50, 857.50, 838.50, 856.00, 363220
10/17/16, 838.00, 860.00, 838.00, 845.00, 339450
10/14/16, 839.50, 843.00, 839.00, 840.50, 366810
10/13/16, 845.00, 848.50, 831.50, 839.50, 912230
10/12/16, 851.00, 853.00, 846.00, 849.00, 789430
10/11/16, 859.00, 869.00, 856.50, 858.00, 223430
10/10/16, 860.00, 861.00, 855.00, 858.50, 623540
10/07/16, 864.00, 866.00, 858.50, 860.00, 430000
10/06/16, 868.00, 870.00, 863.50, 865.00, 205630
10/05/16, 880.00, 880.00, 860.50, 867.50, 163380
10/04/16, 871.00, 880.50, 868.50, 880.50, 219680
10/03/16, 860.00, 878.50, 860.00, 878.50, 175020
09/30/16, 862.00, 862.00, 857.00, 857.00, 553910
09/29/16, 855.50, 863.00, 855.50, 862.00, 400660
09/28/16, 854.00, 860.00, 852.50, 855.50, 275780
09/27/16, 866.50, 866.50, 851.00, 854.50, 309470
09/26/16, 878.00, 878.00, 865.00, 868.00, 371680
09/23/16, 865.50, 878.00, 862.50, 872.00, 399990
09/22/16, 861.50, 868.00, 861.50, 865.00, 365450
09/21/16, 855.00, 860.50, 855.00, 860.00, 712690
09/20/16, 854.00, 858.00, 854.00, 855.00, 542660
09/19/16, 854.50, 858.00, 853.50, 856.00, 463930
09/16/16, 860.00, 860.00, 848.50, 854.50, 465100
09/15/16, 857.00, 860.00, 848.00, 860.00, 405170
09/14/16, 859.00, 859.00, 850.00, 857.00, 372680
09/13/16, 855.00, 860.00, 853.00, 860.00, 418630
09/09/16, 854.00, 856.00, 850.00, 853.00, 538300
09/08/16, 850.00, 860.00, 845.00, 855.00, 621760
09/07/16, 855.00, 855.00, 845.00, 850.00, 504780
09/06/16, 859.00, 861.00, 852.00, 855.00, 428290
09/05/16, 864.50, 870.00, 858.00, 860.00, 379590
09/02/16, 868.50, 880.00, 864.50, 865.00, 322290
09/01/16, 875.00, 875.00, 853.00, 868.50, 438400
08/31/16, 875.00, 875.00, 868.00, 875.00, 518790
08/30/16, 894.00, 894.00, 874.00, 878.00, 505820
08/26/16, 899.00, 899.00, 891.00, 894.50, 240900
08/25/16, 899.50, 900.00, 892.50, 899.00, 186580
08/24/16, 901.00, 901.50, 895.00, 899.50, 216970
08/23/16, 902.00, 904.00, 895.00, 903.00, 232900
08/22/16, 896.00, 902.00, 893.00, 902.00, 234820
08/19/16, 899.00, 899.00, 893.00, 896.00, 94680
08/18/16, 900.00, 900.00, 891.00, 895.00, 194780
08/17/16, 904.50, 904.50, 896.00, 900.00, 176630
08/16/16, 904.00, 904.50, 895.00, 900.00, 457680
08/15/16, 898.00, 904.00, 888.00, 904.00, 208270
08/12/16, 900.00, 900.00, 893.50, 898.00, 410390
08/11/16, 900.00, 900.00, 894.50, 896.50, 293070
08/10/16, 897.00, 900.00, 892.00, 896.00, 342220
08/09/16, 899.00, 905.00, 890.50, 897.00, 348160
08/08/16, 898.00, 900.00, 890.00, 898.00, 200060
08/05/16, 895.00, 900.00, 888.00, 897.50, 153860
08/04/16, 885.00, 895.00, 885.00, 895.00, 298160
08/03/16, 888.00, 888.00, 870.50, 880.00, 420250
08/02/16, 887.00, 887.00, 876.00, 880.00, 146510
08/01/16, 872.00, 887.50, 870.50, 886.50, 274880
07/29/16, 887.50, 891.00, 870.00, 870.00, 312970
07/28/16, 907.00, 907.00, 882.00, 890.00, 354720
07/27/16, 899.00, 908.00, 889.00, 908.00, 394820
07/26/16, 890.00, 901.50, 887.00, 889.00, 197350
07/25/16, 890.00, 903.00, 870.50, 890.00, 304320
07/22/16, 899.00, 900.00, 883.50, 890.00, 202380
07/21/16, 894.00, 900.50, 870.00, 899.00, 912940
07/20/16, 891.00, 894.00, 885.00, 894.00, 251480
07/19/16, 886.00, 890.00, 884.00, 890.00, 346520
07/18/16, 884.00, 885.00, 879.50, 885.00, 140790
07/15/16, 876.00, 884.00, 875.00, 884.00, 299140
07/14/16, 875.00, 877.50, 863.00, 875.00, 149970
07/13/16, 870.00, 883.50, 870.00, 876.00, 388570
07/12/16, 850.00, 870.00, 849.50, 870.00, 239580
07/11/16, 845.00, 865.00, 845.00, 850.00, 246990
07/08/16, 844.00, 844.50, 833.00, 844.00, 186980
07/07/16, 860.00, 860.00, 844.00, 844.00, 452440
07/05/16, 850.00, 868.00, 850.00, 860.00, 250540
07/04/16, 845.00, 861.00, 845.00, 850.00, 192930
07/01/16, 849.00, 854.00, 839.50, 844.00, 166120
06/30/16, 850.00, 865.00, 847.00, 849.00, 390130
06/29/16, 850.00, 850.00, 843.00, 850.00, 234590
06/28/16, 850.00, 854.50, 841.00, 845.00, 122580
06/27/16, 828.00, 853.50, 820.00, 850.00, 395220
06/24/16, 859.00, 868.00, 829.00, 850.00, 292020
06/23/16, 870.00, 870.50, 846.00, 847.00, 222900
06/22/16, 853.50, 870.00, 853.00, 870.00, 376740
06/21/16, 840.00, 853.50, 840.00, 850.00, 1130610
06/20/16, 839.00, 853.50, 837.00, 841.00, 340700
06/17/16, 839.00, 845.00, 835.50, 839.00, 281850
06/16/16, 820.00, 835.00, 818.00, 831.00, 306050
06/15/16, 810.00, 825.00, 809.00, 820.00, 274730
06/14/16, 820.00, 820.00, 808.50, 812.00, 414100
06/13/16, 828.00, 828.00, 801.00, 825.00, 576650
06/10/16, 815.00, 838.00, 815.00, 830.00, 275920
06/09/16, 850.00, 850.00, 823.00, 823.00, 189030
06/08/16, 857.00, 860.00, 853.50, 855.00, 425740
06/07/16, 858.00, 866.00, 854.00, 855.00, 365270
06/06/16, 845.00, 860.00, 844.50, 855.00, 608500
06/03/16, 846.00, 850.00, 840.00, 845.00, 117780
06/02/16, 845.00, 850.00, 840.00, 844.00, 206850
06/01/16, 848.50, 857.00, 842.00, 845.00, 277560
05/31/16, 842.00, 858.00, 833.00, 846.50, 2477670
05/30/16, 828.00, 836.00, 825.50, 830.50, 355520
05/27/16, 830.00, 839.00, 829.00, 831.00, 408870
05/26/16, 835.00, 839.00, 823.00, 830.00, 283000
05/25/16, 825.00, 850.50, 825.00, 833.00, 610580
05/24/16, 804.00, 827.50, 804.00, 820.00, 477740
05/23/16, 797.50, 816.00, 797.50, 804.00, 219840
05/20/16, 807.00, 819.50, 790.00, 794.00, 382330
05/19/16, 845.00, 845.00, 805.00, 806.00, 409720
05/18/16, 834.00, 850.00, 830.00, 840.00, 431990
05/17/16, 831.00, 837.00, 828.00, 835.00, 661110
05/16/16, 827.50, 840.00, 822.00, 832.00, 663290
05/13/16, 801.00, 840.00, 801.00, 828.00, 1186260
05/12/16, 789.50, 790.00, 780.00, 786.50, 405430
05/11/16, 768.00, 797.00, 768.00, 789.50, 1197010
05/10/16, 725.00, 764.00, 723.00, 764.00, 405660
05/06/16, 733.00, 735.00, 728.00, 735.00, 312990
05/05/16, 735.00, 737.50, 732.50, 733.00, 258050
05/04/16, 743.00, 748.00, 734.00, 748.00, 202460
05/03/16, 760.00, 769.00, 745.00, 745.00, 214490
05/02/16, 761.00, 765.00, 750.50, 760.00, 165840
04/29/16, 770.00, 771.50, 760.00, 771.00, 212740
04/28/16, 775.00, 780.00, 765.00, 772.00, 325370
04/27/16, 780.00, 780.50, 766.00, 776.00, 325530
04/26/16, 783.50, 784.00, 772.50, 778.00, 394570
04/25/16, 786.00, 786.00, 776.00, 785.00, 138320
04/22/16, 786.00, 791.00, 779.50, 787.00, 228590
04/21/16, 773.50, 786.00, 768.00, 786.00, 348620
04/20/16, 780.00, 780.00, 764.00, 773.50, 341320
04/19/16, 780.00, 781.00, 776.00, 779.50, 254040
04/18/16, 780.00, 780.00, 767.00, 780.00, 268020
04/15/16, 780.00, 782.00, 768.00, 782.00, 430140
04/14/16, 773.00, 780.00, 772.00, 780.00, 471060
04/13/16, 777.50, 780.00, 773.00, 774.00, 388050
04/12/16, 760.00, 778.00, 755.00, 778.00, 522320
04/11/16, 743.50, 760.00, 741.50, 760.00, 241210
04/08/16, 750.00, 750.00, 735.50, 745.50, 340110
04/07/16, 743.00, 756.50, 743.00, 756.50, 177070
04/06/16, 743.00, 747.00, 740.00, 743.50, 60920
04/05/16, 760.00, 760.00, 743.00, 743.00, 123430
04/04/16, 757.00, 764.00, 750.00, 750.00, 222410
04/01/16, 749.00, 757.00, 740.00, 757.00, 288060
03/31/16, 735.50, 750.00, 728.00, 750.00, 706170
03/30/16, 745.00, 754.00, 734.50, 734.50, 289690
03/29/16, 745.00, 755.00, 740.00, 742.00, 183170
03/28/16, 743.00, 759.00, 739.50, 755.00, 409470
03/23/16, 749.00, 749.00, 737.00, 742.00, 443710
03/22/16, 747.50, 752.50, 745.00, 749.50, 271250
03/21/16, 742.00, 754.00, 734.00, 747.50, 619400
03/18/16, 740.00, 760.00, 737.00, 737.00, 688700
03/17/16, 735.50, 752.00, 735.00, 740.00, 523080
03/16/16, 749.00, 749.50, 732.50, 735.00, 303730
03/15/16, 759.50, 760.00, 743.50, 749.50, 411430
03/14/16, 757.00, 765.00, 750.00, 759.50, 391390
03/11/16, 754.00, 760.50, 754.00, 757.00, 499300
03/10/16, 738.50, 763.50, 738.50, 754.50, 538870
03/09/16, 725.00, 744.00, 725.00, 738.00, 483490
03/08/16, 710.00, 725.00, 710.00, 725.00, 143870
03/07/16, 734.50, 738.00, 710.00, 720.00, 145720
03/04/16, 738.00, 739.00, 730.00, 734.50, 267260
03/03/16, 715.00, 739.50, 713.00, 735.00, 552940
03/02/16, 690.50, 714.00, 690.50, 710.00, 502510
03/01/16, 685.00, 690.00, 684.50, 690.00, 196790
02/29/16, 690.00, 699.50, 688.00, 689.00, 341740
02/26/16, 690.00, 690.00, 680.00, 687.00, 278480
02/24/16, 693.00, 699.50, 690.00, 695.00, 385170
02/23/16, 696.00, 701.00, 696.00, 699.50, 195540
02/22/16, 694.00, 697.00, 692.50, 696.00, 182110
02/19/16, 690.50, 695.00, 688.50, 693.50, 217310
02/18/16, 699.50, 702.00, 695.00, 695.00, 397610
02/17/16, 686.00, 700.00, 686.00, 699.50, 235370
02/16/16, 693.00, 701.00, 692.00, 696.50, 348470
02/15/16, 693.00, 695.00, 680.00, 692.00, 276950
02/12/16, 688.00, 691.00, 680.00, 689.50, 90560
02/11/16, 685.50, 698.00, 670.00, 691.00, 140090
02/10/16, 680.00, 687.00, 672.50, 685.00, 241460
02/09/16, 687.00, 689.00, 668.00, 685.00, 232860
02/05/16, 678.00, 697.00, 678.00, 694.50, 515780
02/04/16, 655.00, 678.00, 653.50, 678.00, 340650
02/03/16, 670.00, 670.00, 649.50, 655.00, 433050
02/02/16, 670.00, 678.50, 670.00, 670.50, 217160
02/01/16, 680.00, 684.00, 660.00, 670.00, 338820
01/29/16, 683.00, 683.00, 670.00, 679.50, 701220
01/28/16, 679.00, 680.00, 665.00, 670.00, 249300
01/27/16, 650.00, 680.00, 646.50, 680.00, 280710
01/26/16, 642.00, 646.00, 626.00, 638.00, 291590
01/25/16, 635.00, 659.00, 635.00, 659.00, 523460
01/22/16, 606.00, 629.00, 606.00, 613.00, 314080
01/21/16, 617.00, 620.00, 600.00, 600.00, 585330
01/20/16, 649.00, 649.00, 616.00, 616.00, 381780
01/19/16, 650.00, 657.00, 644.50, 649.00, 126660
01/18/16, 665.00, 665.00, 636.00, 644.00, 455670
01/15/16, 685.00, 685.00, 670.00, 670.00, 201180
01/14/16, 664.00, 681.00, 662.00, 668.00, 168460
01/13/16, 673.00, 682.00, 670.00, 670.00, 392800
01/12/16, 670.00, 693.00, 660.00, 660.00, 400510
01/11/16, 690.00, 690.00, 660.00, 665.00, 468350
01/08/16, 701.00, 718.00, 700.00, 700.00, 413700
01/07/16, 732.00, 733.00, 709.00, 709.00, 348160
01/06/16, 752.50, 752.50, 732.00, 732.00, 241490
01/05/16, 750.00, 755.50, 741.50, 742.00, 179940
01/04/16, 756.00, 764.00, 756.00, 756.00, 147060
12/29/15, 754.00, 760.50, 751.00, 756.00, 263880
12/28/15, 740.00, 758.00, 740.00, 750.00, 113930
12/23/15, 764.50, 764.50, 757.00, 759.00, 114480
12/22/15, 748.00, 763.50, 743.50, 757.00, 175700
12/21/15, 745.00, 749.00, 740.00, 741.50, 103890
12/18/15, 757.00, 757.00, 739.00, 747.50, 212080
12/17/15, 757.00, 762.00, 756.00, 759.00, 139470
12/16/15, 737.00, 758.50, 737.00, 757.00, 336250
12/15/15, 735.50, 736.50, 732.00, 734.50, 289740
12/14/15, 725.00, 735.00, 721.00, 735.00, 199720
12/11/15, 728.00, 732.00, 724.50, 725.00, 293650
12/10/15, 730.00, 734.00, 725.00, 725.00, 319530
12/09/15, 731.00, 735.00, 725.00, 728.00, 211580
12/08/15, 732.00, 734.50, 730.00, 730.00, 319890
12/07/15, 740.00, 751.50, 730.50, 734.00, 193930
12/04/15, 743.00, 744.00, 733.50, 736.00, 332300
12/03/15, 757.00, 757.00, 737.00, 744.00, 137870
12/02/15, 755.00, 765.00, 752.50, 757.00, 108060
12/01/15, 739.00, 771.00, 739.00, 770.00, 509260
11/27/15, 758.50, 760.00, 741.50, 743.00, 699140
11/26/15, 759.00, 759.00, 753.00, 755.00, 296610
11/25/15, 762.50, 765.00, 747.00, 750.00, 571730
11/24/15, 766.00, 766.00, 752.00, 762.50, 224800
11/23/15, 753.00, 766.00, 751.00, 765.00, 267100
11/20/15, 750.00, 756.00, 750.00, 756.00, 462050
11/17/15, 750.50, 757.00, 747.50, 755.00, 222870
11/16/15, 746.50, 750.00, 733.50, 749.00, 184450
11/13/15, 729.50, 759.00, 729.50, 759.00, 381880
11/12/15, 756.00, 770.00, 729.00, 729.00, 288250
11/11/15, 763.00, 767.50, 748.50, 749.00, 156130
11/10/15, 766.00, 770.00, 761.50, 767.00, 291450
11/09/15, 786.00, 786.00, 765.00, 768.00, 101930
11/06/15, 790.00, 790.00, 785.00, 786.50, 232330
11/05/15, 776.00, 790.00, 774.00, 787.00, 192180
11/04/15, 778.00, 789.50, 771.00, 789.50, 160530
11/03/15, 787.00, 792.00, 770.00, 778.00, 133140
11/02/15, 789.00, 789.50, 785.00, 787.00, 446150
10/30/15, 780.00, 782.50, 775.00, 780.00, 544530
10/29/15, 790.00, 793.50, 777.00, 780.00, 412370
10/28/15, 785.00, 793.00, 778.00, 778.00, 203350
10/27/15, 778.00, 790.00, 770.00, 785.00, 626250
10/26/15, 776.00, 790.00, 776.00, 784.00, 391930
10/23/15, 766.00, 777.00, 766.00, 774.00, 317260
10/22/15, 758.50, 763.00, 757.00, 759.00, 201140
10/21/15, 755.00, 763.00, 755.00, 758.50, 91040
10/20/15, 760.00, 760.00, 753.00, 755.00, 102660
10/19/15, 751.50, 758.00, 746.00, 753.00, 151860
10/16/15, 767.00, 767.00, 747.00, 751.50, 394640
10/15/15, 750.00, 758.50, 750.00, 755.00, 161090
10/14/15, 758.00, 773.00, 750.00, 750.00, 77620
10/13/15, 775.00, 775.00, 752.00, 757.00, 391880
10/12/15, 774.50, 775.00, 770.00, 775.00, 130410
10/09/15, 776.50, 776.50, 762.00, 775.00, 295740
10/08/15, 772.00, 780.00, 772.00, 775.00, 369100
10/07/15, 765.00, 770.00, 754.00, 770.00, 302410
10/06/15, 761.50, 772.00, 761.50, 767.00, 379960
10/05/15, 757.00, 770.50, 750.00, 761.00, 669460
10/02/15, 770.00, 770.00, 749.00, 756.00, 214720
10/01/15, 750.00, 775.00, 750.00, 757.50, 192900
09/30/15, 750.00, 767.00, 743.00, 767.00, 485260
09/29/15, 740.00, 745.00, 732.50, 745.00, 185770
09/28/15, 745.00, 750.00, 743.00, 744.00, 139880
09/24/15, 760.00, 760.00, 735.00, 740.00, 461720
09/23/15, 777.00, 777.00, 750.00, 759.50, 283700
09/22/15, 779.00, 781.00, 772.00, 777.00, 131300
09/21/15, 787.00, 787.00, 770.00, 779.00, 129150
09/18/15, 773.00, 783.50, 771.00, 782.00, 380600
09/17/15, 761.00, 770.00, 761.00, 770.00, 291790
09/16/15, 752.00, 767.00, 752.00, 761.00, 570610
09/15/15, 749.50, 750.00, 746.00, 749.00, 334250
09/14/15, 740.00, 749.50, 730.00, 749.50, 301440
09/11/15, 743.00, 743.00, 728.00, 728.00, 114400
09/10/15, 745.00, 748.00, 726.00, 730.00, 292590
09/09/15, 731.00, 745.00, 731.00, 742.00, 573310
09/08/15, 725.00, 735.00, 720.00, 727.50, 340040
09/07/15, 748.50, 748.50, 725.00, 725.00, 150560
09/04/15, 750.00, 756.00, 745.50, 748.50, 184290
09/03/15, 760.00, 760.00, 752.50, 760.00, 249740
09/02/15, 740.00, 760.00, 725.00, 760.00, 368170
09/01/15, 725.00, 756.00, 725.00, 755.00, 862320
08/28/15, 730.00, 745.00, 727.50, 738.00, 512340
08/27/15, 730.00, 730.00, 717.00, 725.00, 661950
08/26/15, 720.50, 730.00, 695.00, 709.00, 815550
08/25/15, 699.00, 724.00, 695.00, 717.00, 787130
08/24/15, 744.00, 744.00, 700.00, 704.50, 1007480
08/20/15, 767.50, 772.00, 755.00, 755.00, 280980
08/19/15, 769.00, 774.00, 765.00, 771.00, 128190
08/18/15, 761.00, 770.00, 761.00, 770.00, 142590
08/17/15, 761.00, 767.00, 756.50, 760.00, 129200
08/14/15, 759.00, 767.00, 754.00, 759.00, 198800
08/13/15, 763.00, 765.00, 751.00, 755.00, 431350
08/12/15, 769.50, 771.00, 761.00, 763.50, 272420
08/11/15, 772.00, 784.00, 769.00, 776.00, 110520
08/10/15, 769.50, 780.00, 768.00, 770.00, 226460
08/07/15, 790.50, 790.50, 769.50, 769.50, 273660
08/06/15, 794.00, 799.00, 787.00, 789.00, 113850
08/05/15, 786.00, 795.00, 785.00, 794.00, 138240
08/04/15, 781.00, 788.00, 780.00, 785.00, 229520
08/03/15, 787.00, 795.00, 777.00, 795.00, 329160
07/31/15, 770.50, 800.00, 770.00, 780.00, 432180
07/30/15, 767.00, 774.00, 767.00, 767.00, 247330
07/29/15, 771.00, 774.00, 768.00, 771.00, 269270
07/28/15, 773.00, 774.00, 769.50, 771.00, 310020
07/27/15, 787.00, 787.00, 771.00, 775.00, 153720
07/24/15, 777.00, 792.00, 775.00, 787.00, 509010
07/23/15, 768.00, 780.00, 768.00, 777.00, 154360
07/22/15, 780.00, 782.00, 774.00, 781.00, 427800
07/21/15, 765.00, 780.00, 761.00, 780.00, 209080
07/20/15, 768.00, 769.00, 755.50, 758.00, 555860
07/16/15, 768.00, 769.00, 762.00, 763.00, 231310
07/15/15, 770.00, 772.00, 767.00, 768.00, 298930
07/14/15, 760.00, 774.00, 760.00, 769.00, 335520
07/13/15, 749.00, 764.00, 748.00, 755.00, 360470
07/10/15, 750.00, 757.00, 745.50, 747.00, 468910
07/09/15, 746.00, 750.50, 745.00, 749.00, 562350
07/08/15, 750.00, 753.50, 746.00, 746.50, 368440
07/07/15, 763.00, 770.00, 748.00, 748.00, 568140
07/06/15, 779.00, 779.00, 761.50, 763.00, 138240
07/03/15, 778.00, 781.00, 772.00, 772.00, 180850
07/02/15, 780.00, 789.00, 778.50, 779.00, 334440
07/01/15, 775.00, 788.00, 770.00, 788.00, 286550
06/30/15, 765.00, 778.00, 765.00, 772.50, 724820
06/29/15, 789.50, 789.50, 771.00, 779.00, 358730
06/26/15, 790.00, 790.50, 785.00, 789.50, 202710
06/25/15, 798.00, 798.00, 785.00, 790.00, 206930
06/24/15, 799.00, 799.50, 791.50, 798.00, 273050
06/23/15, 793.00, 798.00, 787.00, 793.00, 206340
06/22/15, 799.00, 799.00, 762.50, 792.00, 159250
06/19/15, 799.50, 802.00, 798.50, 799.50, 317590
06/18/15, 785.00, 803.00, 782.00, 799.50, 516140
06/17/15, 775.50, 780.00, 775.00, 780.00, 229260
06/16/15, 772.50, 776.00, 769.00, 775.00, 230210
06/15/15, 755.00, 777.00, 755.00, 772.50, 258690
06/11/15, 759.00, 769.50, 751.50, 767.00, 236110
06/10/15, 749.00, 750.00, 740.00, 747.00, 199470
06/09/15, 756.00, 760.00, 736.00, 749.00, 316650
06/08/15, 770.50, 772.00, 756.00, 760.00, 327740
06/05/15, 765.00, 775.00, 759.00, 770.50, 172370
06/04/15, 776.00, 776.00, 755.00, 766.50, 746110
06/03/15, 780.00, 780.00, 773.00, 776.00, 446780
06/02/15, 789.00, 789.00, 777.00, 780.00, 434550
06/01/15, 797.50, 801.00, 775.00, 800.00, 217900
05/29/15, 775.00, 803.50, 775.00, 790.00, 536130
05/28/15, 803.00, 803.00, 770.00, 780.00, 612820
05/27/15, 806.50, 806.50, 796.00, 803.00, 340180
05/26/15, 807.00, 807.00, 797.00, 806.50, 305380
05/25/15, 810.50, 810.50, 805.50, 806.00, 387210
05/22/15, 819.00, 819.00, 808.50, 810.50, 190600
05/21/15, 819.00, 819.00, 815.00, 817.00, 175770
05/20/15, 807.00, 822.00, 806.50, 819.00, 300590
05/19/15, 817.50, 817.50, 801.00, 806.50, 237550
05/18/15, 821.00, 823.00, 810.00, 816.50, 190650
05/15/15, 810.00, 823.50, 810.00, 821.00, 379800
05/14/15, 800.00, 817.50, 800.00, 810.00, 438850
05/13/15, 800.00, 804.00, 788.00, 800.50, 135870
05/12/15, 797.00, 805.00, 790.50, 803.00, 258310
05/11/15, 805.00, 810.00, 799.50, 804.50, 77970
05/08/15, 808.50, 808.50, 800.00, 805.00, 141210
05/07/15, 799.00, 809.00, 790.00, 808.50, 166170
05/06/15, 800.00, 813.00, 790.00, 812.00, 559430
05/05/15, 796.00, 801.00, 796.00, 801.00, 461080
05/04/15, 780.00, 796.00, 778.00, 796.00, 370380
04/30/15, 794.00, 799.00, 775.00, 780.00, 1130320
04/29/15, 800.00, 800.00, 777.00, 794.00, 530360
04/28/15, 797.50, 800.00, 795.00, 800.00, 577450
04/27/15, 792.50, 800.00, 792.00, 800.00, 423280
04/24/15, 790.00, 795.00, 789.00, 795.00, 609820
04/23/15, 770.00, 795.00, 769.50, 793.00, 279120
04/22/15, 770.50, 772.00, 765.00, 767.00, 266390
04/21/15, 794.00, 794.00, 761.00, 770.00, 551840
04/20/15, 783.50, 788.50, 760.00, 780.00, 838730
04/17/15, 799.00, 799.00, 787.00, 793.00, 390150
04/16/15, 780.00, 795.00, 780.00, 795.00, 400550
04/15/15, 797.00, 798.50, 786.50, 791.00, 580060
04/14/15, 797.00, 801.50, 796.50, 798.50, 866430
04/13/15, 804.00, 806.00, 797.50, 800.00, 595440
04/10/15, 790.00, 803.00, 790.00, 800.50, 631330
04/08/15, 800.50, 806.50, 792.00, 800.00, 518360
04/07/15, 801.00, 804.50, 799.50, 800.50, 316890
04/06/15, 795.00, 803.50, 795.00, 800.00, 482440
04/01/15, 797.00, 800.00, 794.50, 799.00, 581600
03/31/15, 794.00, 798.50, 787.00, 795.00, 1250470
03/30/15, 787.00, 800.00, 787.00, 793.50, 649490
03/27/15, 780.00, 780.50, 777.00, 780.00, 529290
03/26/15, 770.00, 780.00, 765.00, 780.00, 436490
03/25/15, 770.00, 774.00, 765.00, 770.00, 380420
03/24/15, 770.00, 777.00, 751.00, 769.00, 457430
03/23/15, 777.00, 778.00, 769.50, 770.00, 242780
03/20/15, 771.00, 776.00, 768.50, 770.00, 456810
03/19/15, 761.00, 777.00, 761.00, 770.00, 667230
03/18/15, 753.00, 762.00, 753.00, 760.00, 488800
03/17/15, 751.00, 757.00, 744.00, 753.00, 808180
03/16/15, 757.00, 757.50, 749.00, 751.00, 1448460
03/13/15, 754.00, 758.00, 752.00, 758.00, 561510
03/12/15, 741.00, 758.00, 741.00, 754.00, 845880
03/11/15, 739.00, 747.00, 733.00, 745.00, 389140
03/10/15, 732.00, 743.00, 730.50, 741.00, 557030
03/09/15, 732.00, 734.00, 720.00, 732.00, 376060
03/06/15, 730.00, 732.50, 730.00, 732.00, 323320
03/05/15, 734.50, 734.50, 717.00, 728.50, 546620
03/04/15, 726.00, 735.00, 726.00, 735.00, 250770
03/03/15, 724.50, 728.00, 722.00, 724.00, 484770
03/02/15, 717.00, 725.00, 717.00, 725.00, 276610
02/27/15, 734.00, 734.00, 715.00, 717.00, 804090
02/26/15, 741.00, 741.50, 720.00, 729.50, 390800
02/25/15, 742.00, 742.50, 735.00, 738.00, 194730
02/24/15, 740.00, 745.00, 740.00, 741.50, 340170
02/23/15, 743.00, 744.50, 737.50, 740.00, 394610
02/20/15, 737.50, 744.50, 737.50, 743.00, 293990
02/18/15, 730.50, 737.50, 730.50, 736.50, 192470
02/17/15, 732.50, 732.50, 729.50, 730.00, 267470
02/16/15, 730.00, 735.00, 727.00, 730.00, 260270
02/13/15, 727.50, 735.00, 727.50, 729.50, 358490
02/12/15, 730.00, 730.00, 726.00, 727.50, 297690
02/11/15, 720.00, 729.00, 720.00, 724.00, 407250
02/10/15, 730.00, 730.00, 717.00, 719.00, 151390
02/09/15, 730.00, 734.00, 723.00, 728.00, 262860
02/06/15, 720.00, 730.00, 718.00, 730.00, 331330
02/05/15, 729.00, 729.00, 718.50, 723.00, 254150
02/04/15, 721.50, 730.00, 721.50, 730.00, 432830
02/03/15, 712.00, 724.00, 712.00, 715.00, 113120
02/02/15, 726.50, 741.00, 703.00, 715.00, 297770
01/30/15, 720.00, 732.00, 718.00, 726.50, 414980
01/29/15, 718.00, 732.00, 715.00, 717.00, 309700
01/28/15, 722.00, 722.50, 715.00, 720.00, 217190
01/27/15, 720.00, 724.50, 717.50, 722.00, 245590
01/26/15, 719.00, 722.00, 711.00, 720.00, 140860
01/23/15, 696.50, 719.00, 696.50, 719.00, 543480
01/22/15, 702.00, 704.00, 693.50, 694.50, 576550
01/21/15, 705.00, 714.00, 697.50, 702.00, 453480
01/20/15, 710.00, 710.00, 700.50, 701.00, 254600
01/19/15, 711.00, 712.00, 704.00, 711.00, 157640
01/14/15, 716.00, 724.50, 711.00, 711.00, 352870
01/13/15, 713.00, 719.50, 713.00, 716.00, 348180
01/12/15, 714.00, 714.00, 705.00, 710.00, 134570
01/09/15, 720.00, 720.50, 714.50, 715.00, 456750
01/08/15, 701.00, 714.00, 701.00, 710.00, 437020
01/07/15, 701.00, 706.00, 693.00, 701.50, 290580
01/06/15, 695.00, 704.50, 694.50, 701.00, 403100
01/05/15, 698.50, 699.00, 692.50, 697.00, 342780
12/29/14, 680.00, 694.00, 680.00, 694.00, 183870
12/23/14, 684.50, 685.00, 675.00, 675.00, 261630
12/22/14, 675.00, 685.00, 675.00, 684.50, 112300
12/19/14, 667.00, 676.00, 667.00, 674.00, 487700
12/18/14, 661.00, 673.50, 648.50, 654.50, 525410
12/17/14, 682.00, 682.00, 652.00, 652.00, 718240
12/16/14, 692.00, 694.00, 677.00, 682.00, 478270
12/15/14, 670.00, 694.00, 665.00, 694.00, 467940
12/12/14, 670.00, 680.00, 670.00, 680.00, 455940
12/11/14, 678.00, 678.00, 657.50, 670.00, 512250
12/10/14, 680.00, 680.00, 673.00, 679.00, 444050
12/09/14, 693.00, 695.00, 677.50, 677.50, 236820
12/05/14, 685.00, 686.00, 671.00, 680.00, 479450
12/04/14, 696.00, 697.00, 686.00, 686.00, 155500
12/03/14, 690.00, 700.00, 688.00, 700.00, 389820
12/02/14, 689.00, 693.50, 688.00, 690.00, 892820
12/01/14, 694.00, 696.00, 689.00, 689.00, 384710
11/28/14, 688.00, 697.00, 688.00, 694.00, 1506340
11/27/14, 695.00, 695.00, 685.00, 687.00, 503850
11/26/14, 686.00, 698.00, 685.00, 694.00, 1120440
11/25/14, 696.50, 697.50, 684.00, 685.00, 762510
11/24/14, 683.00, 698.00, 683.00, 689.00, 539370
11/21/14, 685.00, 685.00, 680.00, 681.50, 570130
11/20/14, 669.50, 690.00, 669.00, 682.00, 1918450
11/19/14, 717.00, 718.00, 712.00, 717.00, 156860
11/18/14, 707.00, 711.00, 705.00, 709.00, 256040
11/17/14, 710.00, 711.50, 706.00, 710.00, 120060
11/14/14, 707.00, 710.00, 706.00, 710.00, 249540
11/13/14, 715.00, 718.00, 708.00, 709.00, 290840
11/12/14, 707.00, 717.50, 707.00, 710.00, 373620
11/11/14, 707.00, 708.50, 704.00, 707.00, 367730
11/10/14, 708.50, 711.00, 704.00, 707.00, 150500
11/07/14, 705.00, 711.50, 705.00, 708.50, 497360
11/06/14, 705.00, 710.00, 703.00, 705.50, 262590
11/05/14, 689.00, 709.50, 686.00, 709.50, 369120
11/04/14, 705.00, 705.00, 691.00, 693.50, 283440
11/03/14, 690.00, 702.00, 687.00, 696.00, 291100
10/31/14, 679.50, 690.00, 679.50, 690.00, 342450
10/30/14, 672.50, 686.00, 670.00, 680.00, 179100
10/29/14, 676.00, 684.50, 670.00, 671.50, 328040
10/28/14, 693.00, 693.00, 671.00, 673.00, 269300
10/27/14, 686.00, 686.00, 683.00, 685.00, 194740
10/24/14, 693.00, 693.50, 682.50, 686.50, 236090
10/23/14, 699.00, 699.00, 683.00, 686.00, 506530
10/22/14, 694.00, 700.00, 684.00, 700.00, 244870
10/21/14, 693.00, 696.00, 684.00, 692.00, 103550
10/20/14, 688.00, 697.00, 688.00, 690.00, 215050
10/17/14, 688.00, 698.50, 685.50, 688.00, 347860
10/16/14, 685.00, 695.00, 680.00, 684.50, 270420
10/15/14, 696.50, 700.00, 688.00, 689.00, 374420
10/14/14, 686.00, 700.00, 683.50, 687.00, 675240
10/13/14, 701.50, 705.00, 686.50, 687.00, 580850
10/10/14, 709.00, 710.50, 704.00, 709.00, 401110
10/09/14, 712.50, 716.00, 710.00, 710.00, 643940
10/08/14, 716.50, 722.00, 711.00, 711.00, 567380
10/07/14, 721.00, 727.00, 720.00, 722.00, 351880
10/03/14, 729.00, 735.00, 727.00, 729.50, 181670
10/02/14, 720.00, 725.00, 716.00, 722.50, 249070
10/01/14, 725.00, 732.00, 722.00, 729.50, 146510
09/30/14, 729.50, 740.00, 723.50, 740.00, 510070
09/29/14, 720.00, 725.00, 719.50, 723.50, 248030
09/26/14, 711.00, 731.50, 709.00, 724.00, 228740
09/25/14, 737.00, 747.00, 719.00, 724.00, 617670
09/24/14, 735.00, 738.00, 730.00, 735.00, 585870
09/23/14, 736.50, 736.50, 726.00, 728.50, 447700
09/22/14, 723.00, 737.50, 722.00, 737.00, 456890
09/18/14, 713.00, 723.00, 713.00, 723.00, 104470
09/17/14, 711.00, 725.00, 711.00, 718.00, 237500
09/16/14, 714.00, 717.00, 706.00, 711.50, 246730
09/15/14, 708.00, 715.00, 706.50, 710.00, 430280
09/12/14, 706.00, 712.00, 706.00, 708.00, 290540
09/11/14, 707.00, 710.00, 706.00, 706.00, 599580
09/10/14, 711.00, 712.00, 707.00, 707.50, 422930
09/09/14, 709.50, 710.00, 707.50, 708.50, 362250
09/08/14, 703.00, 712.00, 702.00, 709.50, 357880
09/05/14, 712.00, 714.50, 707.50, 709.00, 333940
09/04/14, 709.00, 715.00, 709.00, 709.00, 279330
09/03/14, 709.50, 715.00, 707.00, 709.00, 462200
09/02/14, 701.50, 722.00, 701.50, 709.00, 280030
09/01/14, 700.50, 705.50, 700.00, 700.50, 154160
08/29/14, 700.00, 705.00, 690.00, 700.50, 2117310
08/28/14, 719.00, 719.00, 699.00, 699.50, 397950
08/27/14, 725.00, 725.00, 717.00, 719.50, 312210
08/26/14, 725.00, 728.50, 712.00, 719.00, 224820
08/22/14, 727.00, 729.00, 724.00, 725.00, 579800
08/20/14, 719.50, 726.00, 719.50, 722.50, 484080
08/19/14, 705.00, 720.00, 705.00, 719.00, 377520
08/18/14, 703.00, 704.50, 702.00, 704.00, 293330
08/15/14, 701.00, 703.00, 698.00, 703.00, 399080
08/14/14, 686.00, 709.00, 686.00, 703.00, 802860
08/13/14, 679.50, 681.50, 678.50, 680.00, 433440
08/12/14, 679.00, 681.00, 678.50, 679.50, 292860
08/11/14, 661.50, 677.50, 661.50, 677.50, 390860
08/08/14, 668.00, 668.00, 650.00, 661.00, 190050
08/07/14, 666.00, 669.50, 665.00, 668.00, 265000
08/06/14, 667.50, 669.00, 667.00, 668.00, 388880
08/05/14, 665.00, 672.00, 660.00, 668.50, 245360
08/04/14, 660.00, 670.00, 651.00, 669.00, 449290
08/01/14, 658.00, 662.50, 651.00, 660.00, 151240
07/31/14, 653.50, 668.00, 653.50, 658.00, 545570
07/30/14, 650.50, 658.00, 645.00, 653.00, 371060
07/28/14, 652.00, 652.00, 643.50, 647.00, 441900
07/25/14, 650.00, 658.00, 649.00, 652.00, 465950
07/24/14, 659.00, 659.00, 653.00, 656.00, 136400
07/23/14, 662.00, 663.00, 653.00, 657.00, 296720
07/22/14, 664.00, 664.00, 658.00, 661.00, 338330
07/21/14, 654.00, 663.00, 654.00, 661.50, 143320
07/18/14, 652.00, 655.00, 649.00, 654.00, 246240
07/17/14, 645.00, 654.50, 645.00, 652.50, 396960
07/15/14, 646.00, 648.00, 640.00, 643.00, 778480
07/14/14, 661.50, 661.50, 646.50, 646.50, 391330
07/11/14, 664.50, 665.00, 659.00, 664.00, 119460
07/10/14, 658.00, 670.00, 658.00, 664.00, 218750
07/09/14, 665.00, 665.00, 655.00, 658.00, 203530
07/08/14, 674.00, 674.00, 664.00, 665.00, 329200
07/07/14, 670.00, 682.00, 670.00, 674.50, 468020
07/04/14, 664.00, 672.50, 664.00, 670.00, 643950
07/03/14, 654.50, 670.00, 651.00, 664.00, 347710
07/02/14, 646.00, 654.50, 645.50, 654.50, 637330
07/01/14, 649.00, 649.00, 641.50, 645.00, 231690
06/30/14, 649.50, 649.50, 647.00, 647.50, 1107360
06/27/14, 647.50, 649.50, 645.00, 648.00, 462170
06/26/14, 644.00, 648.50, 644.00, 647.00, 201180
06/25/14, 638.00, 647.50, 637.00, 644.00, 454030
06/24/14, 638.00, 640.00, 634.50, 637.00, 292180
06/23/14, 640.00, 642.00, 638.00, 638.00, 231010
06/20/14, 640.00, 641.50, 637.00, 640.00, 309050
06/19/14, 635.00, 636.00, 631.50, 635.00, 303610
06/18/14, 631.00, 634.00, 618.00, 633.00, 316520
06/17/14, 640.00, 640.00, 633.00, 635.00, 270490
06/16/14, 641.00, 641.00, 639.00, 640.00, 563020
06/13/14, 645.00, 645.00, 640.00, 640.00, 1145070
06/11/14, 639.50, 639.50, 635.00, 637.50, 362910
06/10/14, 638.00, 640.00, 633.00, 640.00, 331770
06/09/14, 635.50, 640.00, 635.50, 640.00, 524740
06/06/14, 640.00, 644.00, 635.00, 635.50, 225670
06/05/14, 641.00, 641.00, 638.50, 640.00, 598230
06/04/14, 641.50, 643.00, 639.50, 640.00, 287170
06/03/14, 628.00, 641.50, 628.00, 641.00, 160650
06/02/14, 620.00, 630.00, 620.00, 627.50, 337690
05/30/14, 634.00, 637.00, 618.00, 618.00, 557670
05/29/14, 641.00, 646.50, 630.00, 636.00, 522890
05/28/14, 640.00, 643.00, 640.00, 641.00, 295370
05/27/14, 642.00, 645.00, 639.50, 640.00, 215520
05/26/14, 651.00, 651.00, 639.00, 642.00, 163640
05/23/14, 650.00, 653.50, 638.00, 651.00, 590590
05/22/14, 649.50, 654.00, 649.50, 654.00, 1159370
05/21/14, 650.00, 650.00, 641.00, 645.50, 739040
05/20/14, 650.00, 651.50, 646.00, 650.00, 299080
05/19/14, 650.00, 650.00, 645.00, 647.00, 217880
05/16/14, 647.00, 649.00, 640.00, 649.00, 338380
05/15/14, 658.00, 658.00, 647.50, 650.50, 354000
05/14/14, 646.00, 660.00, 646.00, 658.50, 593790
05/13/14, 639.50, 645.00, 639.00, 645.00, 458560
05/12/14, 635.00, 640.00, 634.00, 639.50, 395000
05/09/14, 631.00, 640.00, 630.00, 635.00, 676530
05/08/14, 627.50, 629.50, 626.00, 628.00, 319080
05/07/14, 628.00, 628.00, 623.00, 625.00, 202450
05/06/14, 625.00, 628.00, 625.00, 626.00, 153220
05/05/14, 621.50, 627.00, 621.00, 625.00, 121470
05/02/14, 620.00, 622.00, 619.00, 621.50, 228380
04/30/14, 622.00, 628.00, 621.00, 624.00, 498000
04/29/14, 619.00, 622.00, 617.50, 618.50, 603660
04/28/14, 625.00, 626.00, 613.50, 614.00, 274930
04/25/14, 623.00, 632.50, 623.00, 625.00, 593420
04/24/14, 620.00, 625.00, 618.00, 623.00, 380120
04/23/14, 616.00, 625.00, 616.00, 623.50, 371100
04/22/14, 621.50, 627.00, 615.50, 616.00, 331780
04/21/14, 621.50, 628.00, 620.00, 621.00, 266730
04/16/14, 611.00, 620.00, 611.00, 618.00, 182550
04/15/14, 620.00, 623.00, 612.00, 612.00, 341380
04/14/14, 617.00, 618.00, 606.00, 616.50, 85710
04/11/14, 612.00, 619.00, 600.00, 619.00, 635090
04/10/14, 605.50, 618.00, 605.00, 613.00, 750740
04/08/14, 607.00, 607.00, 600.00, 605.50, 407480
04/07/14, 606.00, 612.00, 605.00, 606.00, 511820
04/04/14, 615.00, 615.00, 603.00, 605.00, 429460
04/03/14, 613.00, 616.00, 601.00, 610.00, 1245540
04/02/14, 590.00, 614.00, 590.00, 613.00, 926250
04/01/14, 578.00, 590.00, 575.00, 590.00, 664780
03/31/14, 567.00, 579.00, 567.00, 578.00, 793440
03/28/14, 567.00, 570.00, 563.00, 565.50, 542480
03/27/14, 565.00, 568.00, 565.00, 567.00, 606680
03/26/14, 559.00, 566.00, 555.00, 566.00, 145100
03/25/14, 566.00, 566.00, 555.00, 558.00, 222780
03/24/14, 564.00, 567.50, 564.00, 566.00, 456430
03/21/14, 560.00, 566.00, 560.00, 562.50, 721500
03/20/14, 562.00, 562.00, 555.00, 559.00, 353770
03/19/14, 564.00, 565.00, 559.50, 562.00, 292170
03/18/14, 557.50, 565.00, 557.50, 564.00, 518490
03/17/14, 564.00, 566.50, 552.00, 555.00, 402590
03/14/14, 560.00, 570.00, 558.00, 564.00, 620410
03/13/14, 563.00, 571.00, 561.00, 563.00, 188940
03/12/14, 578.00, 578.00, 560.00, 560.00, 536650
03/11/14, 575.00, 579.00, 573.00, 578.00, 488940
03/10/14, 572.00, 575.00, 570.50, 572.00, 256320
03/07/14, 575.00, 579.50, 565.00, 572.00, 256800
03/06/14, 575.00, 579.50, 570.00, 575.00, 482690
03/05/14, 565.50, 577.00, 565.50, 574.00, 558890
03/04/14, 567.00, 568.00, 560.50, 562.00, 2087060
03/03/14, 575.00, 575.00, 564.00, 569.00, 197750
02/28/14, 563.50, 580.00, 563.50, 575.50, 763690
02/27/14, 556.00, 567.00, 556.00, 562.50, 573150
02/26/14, 559.00, 560.00, 549.00, 556.00, 499650
02/25/14, 559.50, 564.00, 553.50, 560.00, 270580
02/24/14, 576.00, 578.00, 560.00, 560.00, 253480
02/21/14, 580.00, 581.00, 566.00, 567.50, 297100
02/20/14, 582.50, 582.50, 565.50, 580.00, 279140
02/19/14, 560.00, 582.50, 559.50, 582.50, 809460
02/18/14, 545.00, 559.00, 545.00, 555.00, 890540
02/17/14, 540.00, 543.00, 539.00, 540.00, 345990
02/14/14, 538.50, 542.00, 538.50, 540.00, 358460
02/13/14, 542.00, 545.00, 538.00, 538.50, 242670
02/12/14, 545.00, 548.50, 538.00, 542.00, 184060
02/11/14, 533.00, 546.50, 533.00, 543.00, 551120
02/10/14, 525.50, 537.50, 525.50, 533.00, 569110
02/07/14, 522.00, 531.00, 522.00, 525.50, 631230
02/06/14, 521.00, 524.00, 520.00, 521.00, 288090
02/05/14, 521.00, 525.00, 518.00, 520.50, 258920
02/04/14, 519.50, 525.00, 515.00, 520.00, 249780
02/03/14, 524.00, 530.00, 520.50, 527.00, 105370
01/30/14, 520.50, 527.00, 518.00, 524.00, 585030
01/29/14, 522.00, 531.00, 522.00, 528.00, 343850
01/28/14, 533.50, 533.50, 520.50, 520.50, 401610
01/27/14, 530.00, 536.50, 523.00, 534.00, 255770
01/24/14, 539.00, 544.50, 531.00, 544.00, 214540
01/23/14, 543.00, 547.50, 530.00, 530.00, 365360
01/22/14, 540.00, 549.00, 538.00, 545.00, 606380
01/21/14, 540.00, 541.00, 537.00, 539.00, 122660
01/20/14, 538.00, 540.00, 537.00, 540.00, 186430
01/17/14, 540.00, 540.00, 530.00, 537.50, 462970
01/16/14, 534.00, 541.00, 531.50, 538.00, 630740
01/15/14, 528.00, 531.50, 528.00, 530.50, 877940
01/14/14, 523.00, 524.50, 519.00, 524.00, 327710
01/13/14, 511.00, 525.00, 511.00, 525.00, 171780
01/10/14, 529.00, 529.00, 508.00, 510.00, 411520
01/09/14, 535.00, 535.00, 525.00, 525.00, 246430
01/08/14, 524.00, 535.00, 524.00, 530.50, 558440
01/07/14, 529.50, 529.50, 523.00, 524.00, 197230
01/06/14, 525.00, 530.00, 519.00, 525.50, 399380
01/03/14, 521.00, 523.50, 514.00, 520.50, 552230
01/02/14, 520.00, 528.50, 519.00, 525.50, 367200
12/27/13, 517.00, 521.00, 517.00, 518.00, 176960
12/26/13, 520.00, 521.00, 515.00, 516.50, 340400
12/23/13, 526.50, 529.00, 518.50, 519.00, 408410
12/20/13, 537.00, 537.50, 522.50, 524.00, 238800
12/19/13, 546.00, 556.00, 533.00, 533.00, 420460
12/18/13, 539.00, 549.00, 527.00, 539.50, 389740
12/17/13, 540.00, 542.50, 533.50, 536.00, 516040
12/16/13, 530.00, 545.00, 525.00, 525.00, 383590
12/13/13, 530.00, 545.00, 530.00, 535.00, 262030
12/12/13, 555.00, 555.00, 535.00, 537.50, 668290
12/11/13, 550.50, 562.00, 550.50, 555.00, 181730
12/10/13, 580.00, 580.00, 555.00, 555.00, 324130
12/09/13, 576.00, 588.00, 572.00, 576.00, 127990
12/06/13, 575.50, 580.50, 570.00, 576.00, 197720
12/05/13, 582.00, 588.00, 581.00, 584.00, 584890
12/04/13, 592.00, 592.00, 574.50, 582.00, 122410
12/03/13, 592.00, 594.50, 585.00, 592.00, 384140
12/02/13, 585.00, 595.00, 585.00, 590.00, 473460
11/29/13, 588.50, 588.50, 575.00, 585.00, 232860
11/28/13, 578.00, 589.00, 574.00, 589.00, 192160
11/27/13, 588.00, 588.00, 569.50, 578.00, 485010
11/26/13, 570.00, 590.00, 559.00, 590.00, 373170
11/25/13, 575.50, 575.50, 565.00, 565.00, 342550
11/22/13, 583.00, 584.00, 570.50, 575.00, 396010
11/21/13, 580.00, 580.00, 565.00, 580.00, 238260
11/20/13, 590.00, 590.00, 570.00, 580.00, 351110
11/19/13, 595.00, 597.50, 580.00, 590.00, 387960
11/18/13, 586.50, 596.00, 586.00, 595.00, 470640
11/15/13, 575.50, 590.00, 575.00, 586.50, 271970
11/14/13, 570.50, 575.00, 570.00, 573.00, 356930
11/13/13, 561.00, 569.50, 560.00, 569.50, 489420
11/12/13, 588.00, 588.00, 558.50, 561.00, 703820
11/11/13, 597.00, 597.00, 571.00, 576.00, 455740
11/08/13, 578.00, 594.00, 572.50, 592.50, 266740
11/07/13, 590.00, 590.00, 574.00, 578.00, 675550
11/06/13, 597.00, 597.00, 587.50, 589.50, 376610
11/05/13, 601.00, 601.50, 595.00, 597.00, 246630
11/04/13, 603.00, 604.00, 595.00, 599.50, 1801910
10/31/13, 612.50, 613.00, 599.00, 603.00, 896410
10/30/13, 601.50, 602.50, 600.00, 601.50, 625090
10/29/13, 602.00, 605.00, 600.50, 601.50, 381930
10/25/13, 610.00, 610.00, 597.00, 600.00, 955510
10/24/13, 618.50, 618.50, 609.00, 611.00, 662090
10/23/13, 614.00, 619.00, 614.00, 616.50, 513690
10/22/13, 616.50, 616.50, 612.00, 612.00, 373960
10/21/13, 624.00, 624.00, 613.00, 615.50, 564990
10/18/13, 624.00, 628.00, 621.50, 624.00, 232840
10/17/13, 628.00, 628.00, 621.50, 623.50, 260790
10/16/13, 621.50, 627.00, 621.00, 622.00, 169670
10/14/13, 620.00, 626.00, 620.00, 621.50, 64720
10/11/13, 630.00, 634.50, 625.00, 627.00, 447350
10/10/13, 610.00, 617.00, 608.50, 613.00, 1271510
10/09/13, 613.50, 613.50, 610.00, 610.50, 300650
10/08/13, 614.00, 618.00, 610.00, 613.50, 326930
10/07/13, 608.50, 618.00, 607.00, 615.00, 263220
10/04/13, 614.00, 616.00, 600.00, 606.00, 547310
10/03/13, 603.00, 622.00, 596.50, 614.00, 211890
10/02/13, 595.50, 605.00, 595.00, 602.00, 902600
10/01/13, 597.00, 602.00, 591.00, 595.00, 495190
09/30/13, 610.00, 610.00, 604.00, 604.50, 778380
09/27/13, 618.00, 618.00, 610.00, 613.00, 135820
09/26/13, 615.00, 617.50, 610.00, 615.00, 394280
09/25/13, 613.00, 621.00, 611.00, 615.00, 483170
09/24/13, 610.00, 613.50, 605.00, 613.00, 280100
09/23/13, 615.00, 615.00, 601.50, 610.00, 825340
09/20/13, 619.00, 619.00, 611.00, 616.00, 582630
09/19/13, 602.00, 619.00, 602.00, 619.00, 1004660
09/18/13, 581.00, 587.00, 581.00, 586.00, 343870
09/17/13, 572.00, 580.00, 570.00, 580.00, 449210
09/16/13, 570.00, 575.00, 560.00, 572.00, 537740
09/13/13, 563.00, 563.00, 555.00, 558.00, 361380
09/12/13, 575.00, 585.00, 562.00, 563.00, 666530
09/11/13, 555.00, 574.00, 555.00, 574.00, 509260
09/10/13, 545.00, 554.00, 544.50, 552.50, 542430
09/09/13, 538.00, 543.50, 538.00, 540.00, 704460
09/06/13, 531.00, 542.00, 530.00, 535.00, 315490
09/05/13, 530.00, 534.00, 512.00, 531.00, 819430
09/04/13, 544.50, 544.50, 525.00, 530.00, 858000
09/03/13, 540.00, 541.00, 534.00, 536.00, 580940
09/02/13, 547.00, 547.00, 525.00, 534.00, 473010
08/30/13, 540.00, 550.00, 530.00, 545.00, 916870
08/29/13, 505.00, 537.00, 505.00, 532.00, 699790
08/28/13, 503.00, 504.00, 485.00, 500.00, 1580840
08/27/13, 536.00, 540.00, 509.00, 518.00, 695340
08/23/13, 550.00, 558.00, 549.00, 558.00, 683340
08/22/13, 572.00, 572.00, 550.00, 558.00, 1244670
08/20/13, 597.00, 597.00, 597.00, 597.00, 0
08/19/13, 597.00, 597.00, 597.00, 597.00, 0
08/16/13, 598.50, 600.00, 597.50, 599.00, 367250
08/15/13, 609.00, 609.00, 593.00, 598.50, 370770
08/14/13, 605.50, 605.50, 597.00, 599.00, 409780
08/13/13, 610.00, 614.00, 600.00, 602.00, 358220
08/12/13, 599.50, 603.50, 598.00, 601.00, 214420
08/08/13, 599.50, 599.50, 590.00, 599.00, 81240
08/07/13, 600.00, 600.00, 592.00, 595.00, 158210
08/06/13, 600.00, 600.00, 590.00, 592.00, 162000
08/05/13, 600.00, 600.00, 593.00, 596.00, 351130
08/02/13, 605.00, 607.00, 600.00, 600.00, 507990
08/01/13, 607.00, 610.00, 602.00, 603.50, 731600
07/31/13, 608.00, 617.50, 601.00, 603.50, 537800
07/30/13, 604.00, 615.00, 604.00, 607.50, 386140
07/29/13, 608.00, 608.00, 599.00, 605.00, 170270
07/26/13, 612.00, 613.00, 606.50, 609.00, 352550
07/25/13, 640.00, 640.00, 606.50, 613.00, 708580
07/24/13, 631.00, 640.00, 631.00, 640.00, 526130
07/23/13, 619.00, 631.00, 619.00, 630.00, 885110
07/22/13, 623.00, 623.00, 619.00, 619.00, 117660
07/19/13, 618.00, 623.00, 613.00, 623.00, 456650
07/18/13, 610.00, 617.50, 610.00, 615.00, 314800
07/17/13, 590.00, 612.00, 589.00, 610.00, 436450
07/16/13, 610.00, 610.00, 602.00, 603.00, 192180
07/15/13, 613.00, 618.00, 599.00, 605.00, 449850
07/12/13, 600.00, 615.00, 600.00, 612.00, 765290
07/11/13, 572.00, 593.00, 572.00, 588.00, 249140
07/10/13, 570.00, 570.00, 559.00, 567.00, 158690
07/09/13, 570.00, 575.00, 570.00, 570.00, 246460
07/08/13, 590.00, 590.50, 565.00, 573.00, 392570
07/05/13, 602.50, 605.00, 597.00, 598.50, 279110
07/04/13, 600.00, 600.00, 587.00, 591.00, 167480
07/03/13, 600.00, 601.50, 594.00, 599.00, 749430
07/02/13, 610.00, 613.50, 596.00, 600.00, 466750
07/01/13, 585.50, 626.00, 585.00, 612.00, 940320
06/28/13, 580.00, 587.50, 571.00, 580.00, 732620
06/27/13, 565.00, 586.00, 560.00, 560.00, 720590
06/26/13, 539.50, 556.50, 539.50, 550.00, 711630
06/25/13, 565.00, 575.00, 512.00, 519.00, 993700
06/24/13, 602.00, 602.00, 570.00, 571.50, 640310
06/21/13, 580.00, 605.00, 576.00, 602.00, 953530
06/20/13, 595.00, 598.00, 588.00, 596.50, 702870
06/19/13, 615.00, 619.50, 601.00, 615.00, 1067060
06/18/13, 595.00, 614.00, 595.00, 611.00, 433670
06/17/13, 571.00, 588.00, 570.00, 587.50, 400810
06/14/13, 589.00, 604.00, 574.00, 574.00, 746460
06/13/13, 593.00, 595.00, 574.00, 580.00, 1457670
06/11/13, 640.00, 640.00, 600.00, 609.00, 865380
06/10/13, 634.50, 645.00, 634.50, 640.00, 289020
06/07/13, 620.00, 633.00, 618.00, 625.00, 426380
06/06/13, 610.00, 630.00, 590.00, 616.50, 735990
06/05/13, 630.00, 633.00, 610.00, 610.00, 651090
06/04/13, 621.50, 640.00, 618.00, 640.00, 385660
06/03/13, 620.00, 630.00, 610.00, 621.50, 937650
05/31/13, 644.50, 644.50, 619.00, 630.00, 1212850
05/30/13, 650.00, 660.00, 642.50, 645.00, 1257700
05/29/13, 654.00, 669.50, 654.00, 667.00, 358460
05/28/13, 651.50, 660.00, 649.00, 660.00, 627830
05/27/13, 664.00, 664.00, 649.00, 651.00, 706910
05/24/13, 670.00, 670.00, 650.00, 664.50, 405640
05/23/13, 683.00, 683.00, 650.00, 670.00, 472590
05/22/13, 673.00, 688.00, 673.00, 688.00, 378720
05/21/13, 678.00, 679.00, 675.00, 677.00, 332050
05/20/13, 671.50, 678.00, 669.00, 675.00, 266670
05/17/13, 665.00, 672.00, 662.00, 668.50, 316850
05/16/13, 678.00, 680.00, 659.00, 666.00, 465100
05/15/13, 671.00, 682.00, 671.00, 678.00, 305230
05/14/13, 672.00, 680.00, 668.50, 680.00, 588400
05/10/13, 669.00, 673.00, 669.00, 672.00, 164690
05/09/13, 672.00, 672.00, 663.00, 670.00, 189080
05/08/13, 662.00, 675.00, 662.00, 672.00, 634530
05/07/13, 670.00, 672.00, 660.00, 662.00, 410800
05/06/13, 662.00, 672.00, 658.00, 660.00, 498640
05/03/13, 650.00, 662.00, 649.50, 662.00, 884070
05/02/13, 643.00, 643.00, 630.00, 640.00, 423470
04/30/13, 641.00, 645.00, 639.50, 641.00, 492570
04/29/13, 647.50, 647.50, 640.00, 641.00, 443560
04/26/13, 645.00, 646.00, 635.00, 640.00, 431160
04/25/13, 625.00, 634.00, 618.00, 634.00, 545120
04/24/13, 620.50, 625.00, 618.00, 625.00, 542500
04/23/13, 630.00, 632.00, 615.00, 615.00, 587380
04/22/13, 608.00, 640.00, 608.00, 640.00, 756800
04/19/13, 602.00, 610.00, 600.00, 607.00, 422430
04/18/13, 600.00, 603.00, 595.00, 600.50, 584240
04/17/13, 603.50, 603.50, 599.50, 600.00, 623940
04/16/13, 590.00, 597.00, 585.00, 595.50, 1414600
04/15/13, 602.00, 608.00, 600.50, 601.00, 636990
04/12/13, 598.50, 604.00, 598.50, 602.00, 653280
04/11/13, 592.00, 606.00, 591.50, 597.00, 732400
04/10/13, 580.00, 591.50, 580.00, 591.50, 765270
04/08/13, 585.00, 586.00, 580.00, 580.00, 360430
04/05/13, 580.00, 589.00, 573.00, 583.00, 458840
04/04/13, 587.00, 587.00, 580.00, 581.00, 314910
04/03/13, 574.00, 592.00, 574.00, 585.00, 671570
04/02/13, 579.00, 580.00, 570.50, 574.00, 179490
04/01/13, 570.00, 586.00, 570.00, 580.00, 896510
03/27/13, 558.50, 582.00, 558.00, 566.00, 1302780
03/26/13, 555.00, 562.00, 555.00, 558.50, 657480
03/25/13, 565.00, 565.00, 553.00, 555.50, 600790
03/22/13, 550.00, 552.00, 547.00, 551.00, 1154840
03/21/13, 555.00, 560.00, 550.00, 550.00, 600650
03/20/13, 539.50, 567.00, 539.50, 550.00, 625020
03/19/13, 550.00, 550.00, 538.00, 545.00, 835160
03/18/13, 560.00, 560.00, 548.00, 550.00, 1064360
03/15/13, 555.00, 565.00, 555.00, 561.00, 987880
03/14/13, 560.00, 561.00, 550.00, 550.00, 1670200
03/13/13, 560.00, 560.00, 554.50, 559.00, 661130
03/12/13, 563.50, 568.00, 550.00, 555.00, 1005100
03/11/13, 566.50, 574.50, 561.00, 563.00, 657180
03/08/13, 565.00, 575.00, 562.00, 565.00, 521120
03/07/13, 584.00, 584.00, 558.50, 562.00, 1921580
03/06/13, 575.00, 589.50, 570.00, 586.00, 272810
03/05/13, 556.00, 579.00, 556.00, 577.00, 496520
03/04/13, 570.00, 570.50, 555.00, 556.00, 1074980
03/01/13, 579.50, 579.50, 570.00, 570.50, 453020
02/28/13, 581.00, 581.00, 576.00, 579.50, 1051270
02/27/13, 589.00, 589.00, 576.00, 579.50, 366450
02/26/13, 587.00, 591.00, 574.00, 584.00, 656450
02/25/13, 571.00, 595.00, 571.00, 590.00, 714150
02/22/13, 568.00, 572.00, 560.50, 571.00, 553080
02/21/13, 579.50, 579.50, 567.00, 568.00, 509390
02/20/13, 580.00, 581.00, 575.00, 580.00, 403460
02/19/13, 582.00, 583.00, 579.00, 581.00, 447080
02/18/13, 579.50, 580.00, 576.50, 577.00, 773650
02/15/13, 567.00, 580.00, 567.00, 580.00, 420590
02/14/13, 565.00, 570.00, 564.00, 566.50, 686110
02/13/13, 563.50, 571.00, 561.00, 563.50, 236440
02/12/13, 562.00, 565.00, 560.00, 561.00, 367600
02/11/13, 565.00, 567.00, 560.00, 562.00, 846720
02/08/13, 566.00, 571.00, 563.00, 564.50, 605480
02/07/13, 567.00, 569.00, 560.00, 562.50, 797110
02/06/13, 578.00, 585.00, 566.00, 566.00, 441410
02/05/13, 574.00, 581.50, 568.00, 576.00, 477940
02/04/13, 560.00, 579.00, 556.00, 574.00, 693240
02/01/13, 553.00, 564.00, 550.00, 551.50, 5297030
01/31/13, 555.50, 570.00, 550.00, 568.00, 954350
01/30/13, 556.00, 570.00, 555.50, 555.50, 658550
01/29/13, 550.00, 559.00, 550.00, 555.50, 1392480
01/28/13, 552.00, 552.00, 548.00, 550.50, 1277950
01/25/13, 549.50, 554.50, 546.00, 552.00, 688890
01/24/13, 535.00, 548.00, 535.00, 542.00, 1069290
01/23/13, 522.00, 535.00, 521.50, 530.00, 642220
01/22/13, 523.50, 525.00, 520.50, 522.00, 610400
01/21/13, 529.00, 529.00, 523.50, 523.50, 536980
01/18/13, 533.00, 538.00, 523.50, 529.00, 880330
01/17/13, 525.00, 525.50, 520.00, 520.50, 852110
01/16/13, 530.00, 534.00, 520.00, 522.00, 654220
01/15/13, 540.00, 548.00, 529.50, 530.00, 925160
01/14/13, 550.00, 550.00, 538.00, 540.00, 758860
01/11/13, 547.00, 550.00, 546.00, 550.00, 1307900
01/10/13, 550.00, 550.00, 544.00, 547.00, 1642260
01/09/13, 545.00, 552.00, 545.00, 550.00, 848080
01/08/13, 555.00, 557.00, 549.50, 550.50, 491840
01/07/13, 545.00, 552.50, 544.50, 550.00, 532440
01/04/13, 537.00, 544.50, 536.00, 544.00, 682300
01/03/13, 532.00, 549.00, 526.00, 534.00, 745150
01/02/13, 517.00, 526.50, 516.00, 526.00, 332320